Workbook

Sheet 方向图
A1: 方向图数据处理
A2: 序号 | B2: LO | C2: F | D2: AZ | G2: EL | J2: AZ | N2: EL | R2: G-3dB | S2: G-10dB | T2: Gain
B3: 34.5 | D3: M | E3: L | F3: R | G3: M | H3: D | I3: U | J3: 3dB | L3: 10dB | N3: 3dB | P3: 10dB
B4: 44.2 | J4: L | K4: R | L4: L | M4: R | N4: D | O4: U | P4: D | Q4: U
A5: 1 | B5: RX | C5: 37.5 | R5: =31000/((N5+O5)*(J5+K5)) | S5: =91000/((P5+Q5)*(L5+M5)) | T5: =10*LOG10((R5+S5)/2)
A6: 2 | C6: 37.75 | R6: =31000/((N6+O6)*(J6+K6)) | S6: =91000/((P6+Q6)*(L6+M6)) | T6: =10*LOG10((R6+S6)/2)
A7: 3 | C7: 38 | R7: =31000/((N7+O7)*(J7+K7)) | S7: =91000/((P7+Q7)*(L7+M7)) | T7: =10*LOG10((R7+S7)/2)
A8: 4 | C8: 39.95 | R8: =31000/((N8+O8)*(J8+K8)) | S8: =91000/((P8+Q8)*(L8+M8)) | T8: =10*LOG10((R8+S8)/2)
A9: 5 | C9: 39.975 | R9: =31000/((N9+O9)*(J9+K9)) | S9: =91000/((P9+Q9)*(L9+M9)) | T9: =10*LOG10((R9+S9)/2)
A10: 6 | C10: 40 | R10: =31000/((N10+O10)*(J10+K10)) | S10: =91000/((P10+Q10)*(L10+M10)) | T10: =10*LOG10((R10+S10)/2)
A11: 7 | C11: 40.025 | R11: =31000/((N11+O11)*(J11+K11)) | S11: =91000/((P11+Q11)*(L11+M11)) | T11: =10*LOG10((R11+S11)/2)
A12: 8 | C12: 40.05 | R12: =31000/((N12+O12)*(J12+K12)) | S12: =91000/((P12+Q12)*(L12+M12)) | T12: =10*LOG10((R12+S12)/2)
A13: 9 | B13: TX | C13: 47.2 | R13: =31000/((N13+O13)*(J13+K13)) | S13: =91000/((P13+Q13)*(L13+M13)) | T13: =10*LOG10((R13+S13)/2)
A14: 10 | C14: 48 | R14: =31000/((N14+O14)*(J14+K14)) | S14: =91000/((P14+Q14)*(L14+M14)) | T14: =10*LOG10((R14+S14)/2)
A15: 11 | C15: 49.2 | R15: =31000/((N15+O15)*(J15+K15)) | S15: =91000/((P15+Q15)*(L15+M15)) | T15: =10*LOG10((R15+S15)/2)
A16: 12 | C16: 49.7 | R16: =31000/((N16+O16)*(J16+K16)) | S16: =91000/((P16+Q16)*(L16+M16)) | T16: =10*LOG10((R16+S16)/2)
A17: 13 | C17: 49.72 | R17: =31000/((N17+O17)*(J17+K17)) | S17: =91000/((P17+Q17)*(L17+M17)) | T17: =10*LOG10((R17+S17)/2)
A18: 14 | C18: 49.75 | R18: =31000/((N18+O18)*(J18+K18)) | S18: =91000/((P18+Q18)*(L18+M18)) | T18: =10*LOG10((R18+S18)/2)
A19: 15 | C19: 49.78 | R19: =31000/((N19+O19)*(J19+K19)) | S19: =91000/((P19+Q19)*(L19+M19)) | T19: =10*LOG10((R19+S19)/2)
A20: 16 | C20: 49.8 | R20: =31000/((N20+O20)*(J20+K20)) | S20: =91000/((P20+Q20)*(L20+M20)) | T20: =10*LOG10((R20+S20)/2)
D21: .

Sheet EIRP-公式法
A1: EIRP测试记录表
A2: 序号 | B2: 频率(GHz) | C2: 波长（mm) | D2: 实测增益 G（dBi) | E2: 损耗 | G2: 面精度Lm(0.1441mm,dB) | I2: G | J2: P | K2: EIRP
E3: 天线罩 | F3: 波导 | G3: 标准偏差 | H3: 损耗
A4: 1 | B4: 47.2 | C4: =3/B4*100 | D4: =方向图!T13 | H4: =685.81*G4*G4/(C4*C4) | I4: =D4-E4-F4-H4 | K4: =I4+J4
A5: 2 | B5: 48 | C5: =3/B5*100 | D5: =方向图!T14 | H5: =685.81*G4*G4/(C5*C5) | I5: =D5-E5-F5-H5 | K5: =I5+J5
A6: 3 | B6: 49.2 | C6: =3/B6*100 | D6: =方向图!T15 | H6: =685.81*G4*G4/(C6*C6) | I6: =D6-E6-F6-H6 | K6: =I6+J6
A7: 4 | B7: 49.7 | C7: =3/B7*100 | D7: =方向图!T16 | H7: =685.81*G4*G4/(C7*C7) | I7: =D7-E7-F7-H7 | K7: =I7+J7
A8: 5 | B8: 49.72 | C8: =3/B8*100 | D8: =方向图!T17 | H8: =685.81*G4*G4/(C8*C8) | I8: =D8-E8-F8-H8 | K8: =I8+J8
A9: 6 | B9: 49.75 | C9: =3/B9*100 | D9: =方向图!T18 | H9: =685.81*G4*G4/(C9*C9) | I9: =D9-E9-F9-H9 | K9: =I9+J9
A10: 7 | B10: 49.78 | C10: =3/B10*100 | D10: =方向图!T19 | H10: =685.81*G4*G4/(C10*C10) | I10: =D10-E10-F10-H10 | K10: =I10+J10
A11: 8 | B11: 49.8 | C11: =3/B11*100 | D11: =方向图!T20 | H11: =685.81*G4*G4/(C11*C11) | I11: =D11-E11-F11-H11 | K11: =I11+J11

Sheet GT-公式法
A1: G/T测试记录表
A2: 序号 | B2: 频率(GHz) | C2: 波长（mm) | D2: 实测增益 G(dBi) | E2: 损耗 | I2: 噪声温度 | L2: G | M2: G/T（含天线罩)
E3: 馈线波导Lkd(dB) | F3: 标准偏差 | G3: 面精度Lm(dB) | H3: 天线罩Lc(dB） | I3: 天线Tant(K) | J3: LNB噪声系数 | K3: LNB噪温Tr（K）
A4: 1 | B4: 37.5 | C4: =3/B4*100 | D4: =方向图!T5 | G4: =685.81*F4*F4/(C4*C4) | I4: 230 | K4: =290*(10^(J4/10)-1) | L4: =D4-E4-G4-H4 | M4: =L4-10*LOG10(I4+K4)
A5: 2 | B5: 37.75 | C5: =3/B5*100 | D5: =方向图!T6 | G5: =685.81*F4*F4/(C5*C5) | I5: 230 | K5: =290*(10^(J5/10)-1) | L5: =D5-E5-G5-H5 | M5: =L5-10*LOG10(I5+K5)
A6: 3 | B6: 38 | C6: =3/B6*100 | D6: =方向图!T7 | G6: =685.81*F4*F4/(C6*C6) | I6: 230 | K6: =290*(10^(J6/10)-1) | L6: =D6-E6-G6-H6 | M6: =L6-10*LOG10(I6+K6)
A7: 4 | B7: 39.95 | C7: =3/B7*100 | D7: =方向图!T8 | G7: =685.81*F4*F4/(C7*C7) | I7: 230 | K7: =290*(10^(J7/10)-1) | L7: =D7-E7-G7-H7 | M7: =L7-10*LOG10(I7+K7)
A8: 5 | B8: 39.975 | C8: =3/B8*100 | D8: =方向图!T9 | G8: =685.81*F4*F4/(C8*C8) | I8: 230 | K8: =290*(10^(J8/10)-1) | L8: =D8-E8-G8-H8 | M8: =L8-10*LOG10(I8+K8)
A9: 6 | B9: 40 | C9: =3/B9*100 | D9: =方向图!T10 | G9: =685.81*F4*F4/(C9*C9) | I9: 230 | K9: =290*(10^(J9/10)-1) | L9: =D9-E9-G9-H9 | M9: =L9-10*LOG10(I9+K9)
A10: 7 | B10: 40.025 | C10: =3/B10*100 | D10: =方向图!T11 | G10: =685.81*F4*F4/(C10*C10) | I10: 230 | K10: =290*(10^(J10/10)-1) | L10: =D10-E10-G10-H10 | M10: =L10-10*LOG10(I10+K10)
A11: 8 | B11: 40.05 | C11: =3/B11*100 | D11: =方向图!T12 | G11: =685.81*F4*F4/(C11*C11) | I11: 230 | K11: =290*(10^(J11/10)-1) | L11: =D11-E11-G11-H11 | M11: =L11-10*LOG10(I11+K11)

Sheet 跟踪精度
A1: 跟踪精度测试记录表
A2: 测试次数 | B2: 频率：37.5GHz（高轨）
B3: 方位Ai | C3: 俯仰Ei
A4: 1
A5: 2
A6: 3
A7: 4
A8: 5
A9: 6
A10: 7
A11: 8
A12: 9
A13: 10
A14: 跟踪零值 | B14: =AVERAGE(B4:B13) | C14: =AVERAGE(C4:C13)
A15: 跟踪精度 | B15: {=SQRT(SUMSQ(B4:B13-B$14)/COUNTA(B4:B13))} | C15: {=SQRT(SUMSQ(C4:C13-C$14)/COUNTA(C4:C13))}
B16: =SQRT(SUMSQ(B15:C15))
A17: 指标要求 | B17: ≤ | C17: =(方向图!J5+方向图!K5+方向图!N5+方向图!O5)/2/10
A18: 注：蓝色为需测试填写项，黄色为最终结果项。

Sheet 前向链路（接收）标定
A1: 信号源输出0dB/ LNB设置衰减7
A2: 频点 | B2: LNB输出 | C2: LNB-测控基带输出 | D2: LNB-地基基站IN1 | E2: LNB-地基基站IN2
A3: 37.5
A4: 37.75
A5: 38
A6: 39.95
A7: 39.975
A8: 40
A9: 40.025
A10: 40.05
